,State,State ID,District,District ID,Year,ABY,Year2017,Year2018,Year2019,2018andABY,2019andABY,% Institutional deliveries to Total Reported Deliveries,Total Number of reported live births,% live birth to Reported Birth,% Newborns having weight less than 2.5 kg to Newborns weighed at birth,% Newborns given OPV0 at birth to Reported live birth,% Newborns given BCG to Reported live birth,% Newborns given Hep-B0(Birth Dose)at birth to Reported live birth,% Infants 0 to 11 months old who received Measles+ MR vaccine to reported live births,No of children 16-24 months age given Measles Rubella Vaccine 2nd dose,Total Number of Infant Deaths reported,Total no. maternal deaths,Total number of pregnant women Registered for ANC,MMR,IMR,Doctor,Sub Centres,PHCs,CHCs,Sub Divisional Hospitals,District Hospitals,Total Health Centres,GDP_PC,Poor_GDP_PC
396,Delhi,10,Central,1,2017,0,1,0,0,0,0,98.5,44011,98.0,27.6,87.5,95.4,85.7,69.2,458,522,64,131936,145.42,11.86,2,63,73,33,18,17,204,328985,0
397,Delhi,10,Central,1,2018,0,0,1,0,0,0,98.3,42202,98.1,25.3,87.6,92.6,75.1,68.0,2120,659,60,128378,142.17,15.62,2,63,76,33,19,17,208,365529,0
398,Delhi,10,Central,1,2019,0,0,0,1,0,0,98.6,38514,98.4,24.6,81.0,85.8,80.5,74.1,25472,507,55,83306,142.81,13.16,215,63,76,33,19,17,208,383805,0
399,Delhi,10,East,2,2017,0,1,0,0,0,0,95.5,12264,98.7,19.7,96.3,113.5,93.2,174.6,342,436,13,57066,106.0,35.55,2,45,35,41,9,6,136,328985,0
400,Delhi,10,East,2,2018,0,0,1,0,0,0,95.0,13190,98.9,22.7,91.6,108.3,89.2,163.5,1139,483,11,57276,83.4,36.62,2,46,35,39,9,6,135,365529,0
401,Delhi,10,East,2,2019,0,0,0,1,0,0,95.7,12258,98.9,19.5,86.3,102.9,82.7,160.6,16871,673,16,32056,130.53,54.9,215,46,35,39,9,6,135,383805,0
402,Delhi,10,New Delhi,3,2017,0,1,0,0,0,0,99.2,45822,97.4,15.2,94.9,103.8,92.9,35.6,0,2757,198,91505,432.11,60.17,2,23,76,22,5,10,136,328985,0
403,Delhi,10,New Delhi,3,2018,0,0,1,0,0,0,99.3,47070,97.4,17.1,88.3,97.7,90.6,33.7,521,2454,175,85458,371.79,52.14,2,23,76,22,5,10,136,365529,0
404,Delhi,10,New Delhi,3,2019,0,0,0,1,0,0,99.2,42536,97.4,17.7,94.6,99.0,91.3,33.1,12402,1212,73,75813,171.62,28.49,215,24,77,22,5,10,138,383805,0
405,Delhi,10,North,4,2017,0,1,0,0,0,0,74.3,10532,98.8,18.0,74.5,150.2,63.0,293.6,325,138,2,49332,18.99,13.1,2,42,39,51,3,3,138,328985,0
406,Delhi,10,North,4,2018,0,0,1,0,0,0,74.1,11435,98.7,18.9,84.4,136.2,75.6,245.8,1760,239,5,43115,43.73,20.9,2,43,39,51,3,3,139,365529,0
407,Delhi,10,North,4,2019,0,0,0,1,0,0,74.2,9454,98.7,15.3,86.9,138.5,77.5,299.5,25742,247,21,39918,222.13,26.13,215,43,39,51,3,3,139,383805,0
408,Delhi,10,North East,5,2017,0,1,0,0,0,0,82.4,7744,99.1,17.6,84.1,164.2,77.0,389.7,751,72,3,63476,38.74,9.3,2,38,28,16,16,1,83,328985,0
409,Delhi,10,North East,5,2018,0,0,1,0,0,0,81.5,8088,99.0,21.9,84.2,146.8,80.0,351.7,1123,121,5,73611,61.82,14.96,2,38,29,16,16,1,84,365529,0
410,Delhi,10,North East,5,2019,0,0,0,1,0,0,82.1,7304,99.2,26.9,91.5,155.2,87.2,391.4,24295,110,6,41915,82.15,15.06,215,38,29,16,16,1,84,383805,0
411,Delhi,10,North West,6,2017,0,1,0,0,0,0,97.3,42328,98.3,21.7,83.9,98.5,81.7,92.0,731,632,78,104224,184.28,14.93,2,79,63,100,8,13,263,328985,0
412,Delhi,10,North West,6,2018,0,0,1,0,0,0,96.8,43310,98.1,29.9,83.2,96.3,70.8,89.1,1871,437,81,82474,187.02,10.09,2,79,64,100,8,13,264,365529,0
413,Delhi,10,North West,6,2019,0,0,0,1,0,0,97.3,42628,98.0,26.6,87.6,97.4,80.0,91.7,32090,328,84,57141,197.05,7.69,215,79,64,100,8,13,264,383805,0
414,Delhi,10,Shahdara,7,2017,0,1,0,0,0,0,98.3,38869,97.5,11.7,98.6,106.2,96.6,63.4,652,41,80,177913,205.82,1.05,2,49,34,50,5,6,144,328985,0
415,Delhi,10,Shahdara,7,2018,0,0,1,0,0,0,98.6,40754,97.7,9.6,97.5,103.0,93.4,57.8,1449,147,156,130694,382.78,3.61,2,58,34,50,5,6,153,365529,0
416,Delhi,10,Shahdara,7,2019,0,0,0,1,0,0,98.5,38010,97.7,22.9,97.5,101.8,88.1,58.5,19446,602,116,64164,305.18,15.84,215,58,34,50,5,6,153,383805,0
417,Delhi,10,South,8,2017,0,1,0,0,0,0,91.0,11700,98.9,20.2,91.6,108.8,82.8,169.7,616,61,16,44604,136.75,5.21,2,41,36,57,7,6,147,328985,0
418,Delhi,10,South,8,2018,0,0,1,0,0,0,93.4,13292,99.0,20.2,94.5,105.5,78.9,138.4,557,77,17,46910,127.9,5.79,2,42,36,58,7,6,149,365529,0
419,Delhi,10,South,8,2019,0,0,0,1,0,0,93.5,12366,98.9,20.4,92.8,103.8,91.5,144.5,15097,77,23,35682,185.99,6.23,215,42,36,58,7,6,149,383805,0
420,Delhi,10,South East,9,2017,0,1,0,0,0,0,89.6,10494,99.2,14.0,75.3,143.5,70.2,305.3,347,97,0,61650,0.0,9.24,2,45,49,57,11,10,172,328985,0
421,Delhi,10,South East,9,2018,0,0,1,0,0,0,92.1,14142,99.3,13.1,75.2,109.4,61.5,229.9,743,31,6,70092,42.43,2.19,2,51,49,57,12,10,179,365529,0
422,Delhi,10,South East,9,2019,0,0,0,1,0,0,93.6,13818,99.3,14.9,75.7,106.3,62.6,232.7,26755,58,4,65019,28.95,4.2,215,51,49,57,12,10,179,383805,0
423,Delhi,10,South West,10,2017,0,1,0,0,0,0,94.2,13639,99.1,16.4,96.2,116.7,95.0,188.1,94,57,4,42077,29.33,4.18,2,70,43,53,23,7,196,328985,0
424,Delhi,10,South West,10,2018,0,0,1,0,0,0,95.9,17736,99.0,16.7,92.8,107.1,93.2,148.8,914,103,7,57181,39.47,5.81,2,74,45,43,18,7,187,365529,0
425,Delhi,10,South West,10,2019,0,0,0,1,0,0,96.6,16868,98.9,16.1,96.8,105.6,95.6,146.5,21091,125,4,48420,23.71,7.41,215,74,45,43,18,7,187,383805,0
426,Delhi,10,West,11,2017,0,1,0,0,0,0,96.0,30425,98.4,25.8,91.1,114.9,85.3,137.2,881,145,59,158239,193.92,4.77,2,95,73,115,15,12,310,328985,0
427,Delhi,10,West,11,2018,0,0,1,0,0,0,95.8,30971,98.7,26.4,93.5,110.1,88.6,137.4,2940,308,49,155852,158.21,9.94,2,95,73,109,15,12,304,365529,0
428,Delhi,10,West,11,2019,0,0,0,1,0,0,96.2,27891,98.5,33.2,93.8,108.5,92.0,142.8,33691,389,52,125162,186.44,13.95,215,95,73,109,15,12,304,383805,0
1377,Puducherry,27,Karaikal,1,2017,0,1,0,0,0,0,99.9,3649,99.2,8.9,96.4,90.9,96.4,64.1,2372,27,2,6181,54.81,7.4,17,17,11,1,2,1,32,203583,0
1378,Puducherry,27,Karaikal,1,2018,0,0,1,0,0,0,99.9,3442,99.1,8.3,99.7,99.7,99.7,67.6,2271,18,2,6189,58.11,5.23,31,17,11,1,2,1,32,220460,0
1379,Puducherry,27,Karaikal,1,2019,0,0,0,1,0,0,100,3117,99.4,11.5,99.3,99.3,99.1,66.2,1912,14,0,5414,0.0,4.49,119,17,11,1,2,1,32,237278,0
1380,Puducherry,27,Mahe,2,2017,0,1,0,0,0,0,100,707,100.0,4.6,98.4,104.0,98.4,75.0,561,0,1,967,141.44,0.0,17,4,1,1,1,1,8,203583,0
1381,Puducherry,27,Mahe,2,2018,0,0,1,0,0,0,100,535,100.0,10.7,100.2,100.2,96.3,107.5,583,0,0,838,0.0,0.0,31,4,1,1,1,1,8,220460,0
1382,Puducherry,27,Mahe,2,2019,0,0,0,1,0,0,100,406,99.8,2.4,103.2,103.2,103.2,119.0,497,0,0,700,0.0,0.0,119,4,1,1,1,1,8,237278,0
1383,Puducherry,27,Pondicherry,3,2017,0,1,0,0,0,0,100,37812,98.8,15.4,99.2,99.6,99.1,33.1,10753,496,26,79919,68.76,13.12,17,55,28,2,5,1,91,203583,0
1384,Puducherry,27,Pondicherry,3,2018,0,0,1,0,0,0,100,39411,98.8,13.5,99.2,99.2,99.1,29.5,10720,383,20,90410,50.75,9.72,31,55,28,2,5,1,91,220460,0
1385,Puducherry,27,Pondicherry,3,2019,0,0,0,1,0,0,100,28696,98.8,14.9,99.1,99.1,99.1,32.8,8626,333,11,59930,38.33,11.6,119,55,28,2,5,1,91,237278,0
1386,Puducherry,27,Yanam,4,2017,0,1,0,0,0,0,100,361,99.4,5.1,98.3,96.4,98.3,193.4,635,9,0,1598,0.0,24.93,17,4,4,4,1,1,6,203583,0
1387,Puducherry,27,Yanam,4,2018,0,0,1,0,0,0,99.3,307,100.0,3.1,86.6,86.6,86.6,250.8,571,9,0,1432,0.0,29.32,31,4,4,4,1,1,6,220460,0
1388,Puducherry,27,Yanam,4,2019,0,0,0,1,0,0,100,475,99.8,4.4,94.3,94.3,96.8,128.8,681,6,0,1294,0.0,12.63,119,4,4,4,1,1,6,237278,0
1662,Telangana,32,Adilabad,1,2017,0,1,0,0,0,0,98.5,13521,98.4,12.0,110.3,115.9,108.2,100.6,2291,375,9,15089,66.56,27.73,47,126,27,2,2,1,158,180494,0
1663,Telangana,32,Adilabad,1,2018,0,0,1,0,0,0,99.5,13244,99.7,12.1,87.4,86.5,85.9,93.0,10809,351,12,13254,90.61,26.5,53,126,27,2,1,1,157,204487,0
1664,Telangana,32,Adilabad,1,2019,0,0,0,1,0,0,99.5,12221,99.3,12.3,94.0,96.5,92.6,101.3,11356,322,16,13709,130.92,26.35,97,126,27,2,1,1,157,228216,0
1665,Telangana,32,BHADRADRI KOTHAGUDEM,2,2017,0,1,0,0,0,0,96.6,16065,99.1,4.0,82.1,119.4,73.6,104.2,5756,73,12,17122,74.7,4.54,47,239,34,4,3,3,280,180494,0
1666,Telangana,32,BHADRADRI KOTHAGUDEM,2,2018,0,0,1,0,0,0,99.6,13810,99.6,10.3,71.8,111.7,86.4,126.9,16154,50,11,16039,79.65,3.62,53,240,34,4,3,3,281,204487,0
1667,Telangana,32,BHADRADRI KOTHAGUDEM,2,2019,0,0,0,1,0,0,99.6,14393,99.0,6.3,88.1,93.9,84.9,110.8,14962,167,64,16428,444.66,11.6,97,240,34,4,3,3,281,228216,0
1668,Telangana,32,Hyderabad,3,2017,0,1,0,0,0,0,99.9,135359,98.7,12.5,69.4,80.4,47.4,60.8,24781,27,191,212912,141.11,0.2,47,280,86,10,4,6,106,180494,0
1669,Telangana,32,Hyderabad,3,2018,0,0,1,0,0,0,99.9,141876,98.8,7.8,84.2,65.5,46.3,54.1,58877,1133,179,157743,126.17,7.99,53,281,86,10,3,6,105,204487,0
1670,Telangana,32,Hyderabad,3,2019,0,0,0,1,0,0,100.0,121387,98.8,15.3,59.3,66.8,42.0,56.5,58048,542,144,146826,118.63,4.47,97,281,86,10,3,6,105,228216,0
1671,Telangana,32,JAGITIAL,4,2017,0,1,0,0,0,0,99.7,18267,99.6,8.0,67.5,69.5,59.5,94.9,4911,34,4,32017,21.9,1.86,47,151,22,3,1,1,177,180494,0
1672,Telangana,32,JAGITIAL,4,2018,0,0,1,0,0,0,100.0,16999,99.6,10.1,94.2,95.2,90.0,96.5,13120,6,0,15508,0.0,0.35,53,151,22,3,1,1,177,204487,0
1673,Telangana,32,JAGITIAL,4,2019,0,0,0,1,0,0,100.0,16057,99.8,13.2,94.9,96.5,95.0,110.8,15264,37,6,15931,37.37,2.3,97,151,22,3,1,1,177,228216,0
1674,Telangana,32,JANGOAN,5,2017,0,1,0,0,0,0,99.4,5932,99.8,7.6,94.2,89.1,56.1,172.4,3105,29,4,9961,67.43,4.89,47,112,13,1,1,1,127,180494,0
1675,Telangana,32,JANGOAN,5,2018,0,0,1,0,0,0,99.6,5982,99.8,6.2,88.9,100.3,81.7,119.4,6269,38,10,7674,167.17,6.35,53,112,14,1,1,1,129,204487,0
1676,Telangana,32,JANGOAN,5,2019,0,0,0,1,0,0,100.0,7164,99.8,6.2,113.6,115.3,110.5,128.4,7686,47,10,7754,139.59,6.56,97,112,14,1,1,1,129,228216,0
1677,Telangana,32,JAYASHANKAR BHUPALPALLY,6,2017,0,1,0,0,0,0,99.8,9257,99.6,8.1,84.5,90.3,65.1,104.8,1845,8,1,21048,10.8,0.86,47,179,25,5,1,1,210,180494,0
1678,Telangana,32,JAYASHANKAR BHUPALPALLY,6,2018,0,0,1,0,0,0,100.0,5081,99.8,10.1,99.1,160.6,100.6,189.0,7218,2,0,12612,0.0,0.39,53,179,25,5,1,1,210,204487,0
1679,Telangana,32,JAYASHANKAR BHUPALPALLY,6,2019,0,0,0,1,0,0,99.8,4482,99.7,8.0,123.0,140.0,106.0,216.9,8790,30,9,10127,200.8,6.69,97,179,25,5,1,1,210,228216,0
1680,Telangana,32,JOGULAMBA GADWAL,7,2017,0,1,0,0,0,0,98.3,12383,99.7,3.4,112.1,118.8,71.0,211.4,7785,54,13,25537,104.98,4.36,47,91,13,2,1,1,107,180494,0
1681,Telangana,32,JOGULAMBA GADWAL,7,2018,0,0,1,0,0,0,99.7,10103,99.4,5.0,101.7,133.0,67.1,136.3,8689,60,17,16189,168.27,5.94,53,91,13,2,1,1,107,204487,0
1682,Telangana,32,JOGULAMBA GADWAL,7,2019,0,0,0,1,0,0,99.8,8009,99.2,11.1,104.5,165.1,80.0,155.3,8776,87,17,28083,212.26,10.86,97,91,13,2,1,1,107,228216,0
1683,Telangana,32,KAMAREDDY,8,2017,0,1,0,0,0,0,98.6,18922,99.3,9.4,97.2,105.4,80.1,91.6,7844,43,1,22168,5.28,2.27,47,169,20,7,2,2,198,180494,0
1684,Telangana,32,KAMAREDDY,8,2018,0,0,1,0,0,0,99.2,16419,99.3,12.8,98.3,136.0,87.6,90.5,12609,59,2,19979,12.18,3.59,53,169,21,7,2,2,199,204487,0
1685,Telangana,32,KAMAREDDY,8,2019,0,0,0,1,0,0,99.9,13727,99.0,11.3,104.7,120.9,107.0,113.6,13319,66,4,41421,29.14,4.81,97,169,21,7,2,2,199,228216,0
1686,Telangana,32,KOMARAM BHEEM,9,2017,0,1,0,0,0,0,97.1,7650,99.1,8.0,147.3,141.6,139.7,121.2,3461,16,10,12472,130.72,2.09,47,106,20,2,1,1,129,180494,0
1687,Telangana,32,KOMARAM BHEEM,9,2018,0,0,1,0,0,0,98.6,6271,99.0,9.5,94.9,137.4,88.4,168.2,7888,23,3,10899,47.84,3.67,53,106,22,2,1,1,131,204487,0
1688,Telangana,32,KOMARAM BHEEM,9,2019,0,0,0,1,0,0,98.6,5903,98.9,10.8,76.4,118.1,67.7,156.2,9030,12,7,10743,118.58,2.03,97,106,22,2,1,1,131,228216,0
1689,Telangana,32,Karim Nagar,10,2017,0,1,0,0,0,0,99.9,18543,99.6,3.6,56.4,68.4,40.0,119.5,2480,32,9,31695,48.54,1.73,47,139,19,3,1,1,163,180494,0
1690,Telangana,32,Karim Nagar,10,2018,0,0,1,0,0,0,100.0,15503,99.9,7.5,139.2,139.8,102.3,94.5,13631,24,6,20074,38.7,1.55,53,139,22,3,3,1,165,204487,0
1691,Telangana,32,Karim Nagar,10,2019,0,0,0,1,0,0,100.0,17303,99.7,8.6,104.2,104.2,99.2,96.2,15302,39,11,18326,63.57,2.25,97,139,22,3,3,1,165,228216,0
1692,Telangana,32,Khammam,11,2017,0,1,0,0,0,0,99.9,28040,99.9,4.5,89.6,90.2,50.5,82.3,7754,126,13,22131,46.36,4.49,47,224,25,2,3,1,255,180494,0
1693,Telangana,32,Khammam,11,2018,0,0,1,0,0,0,100.0,35555,99.9,4.2,75.5,71.7,70.2,59.6,18853,214,13,21210,36.56,6.02,53,224,30,2,2,1,259,204487,0
1694,Telangana,32,Khammam,11,2019,0,0,0,1,0,0,99.8,21844,99.4,13.4,126.4,108.3,105.1,98.0,19157,213,16,20034,73.25,9.75,97,224,30,2,2,1,259,228216,0
1695,Telangana,32,MAHABUBABAD,12,2017,0,1,0,0,0,0,99.9,8650,99.8,5.0,79.9,92.0,48.7,122.3,3180,25,1,11607,11.56,2.89,47,172,17,3,1,1,193,180494,0
1696,Telangana,32,MAHABUBABAD,12,2018,0,0,1,0,0,0,99.7,7789,99.9,8.7,111.9,119.8,103.4,148.2,9628,35,3,11822,38.52,4.49,53,172,19,3,1,1,195,204487,0
1697,Telangana,32,MAHABUBABAD,12,2019,0,0,0,1,0,0,100.0,7740,99.9,2.3,135.8,143.1,101.1,143.5,10195,7,2,11801,25.84,0.9,97,172,19,3,1,1,195,228216,0
1698,Telangana,32,MANCHERIAL,13,2017,0,1,0,0,0,0,99.9,10878,99.2,2.2,80.6,86.1,78.5,115.1,3958,40,1,16023,9.19,3.68,47,121,18,4,1,1,144,180494,0
1699,Telangana,32,MANCHERIAL,13,2018,0,0,1,0,0,0,99.9,10276,99.5,2.7,78.6,82.6,67.2,124.5,9845,45,10,10847,97.31,4.38,53,121,21,4,1,1,147,204487,0
1700,Telangana,32,MANCHERIAL,13,2019,0,0,0,1,0,0,99.9,9563,99.6,5.3,117.9,129.7,106.6,117.4,10576,52,10,12055,104.57,5.44,97,121,21,4,1,1,147,228216,0
1701,Telangana,32,MEDCHAL MALKAJGIRI,14,2017,0,1,0,0,0,0,100.0,34508,100.0,1.0,133.7,134.3,125.8,156.2,16613,9,2,58387,5.8,0.26,47,103,17,2,1,1,123,180494,0
1702,Telangana,32,MEDCHAL MALKAJGIRI,14,2018,0,0,1,0,0,0,100.0,43247,99.8,2.2,108.6,109.7,105.8,139.8,55003,8,0,63107,0.0,0.18,53,103,36,2,1,1,142,204487,0
1703,Telangana,32,MEDCHAL MALKAJGIRI,14,2019,0,0,0,1,0,0,99.8,30897,99.8,1.0,196.5,216.1,193.2,197.2,54657,22,2,61541,6.47,0.71,97,103,36,2,1,1,142,228216,0
1704,Telangana,32,Mahbubnagar,15,2017,0,1,0,0,0,0,99.8,29145,99.0,9.7,116.4,121.8,100.6,98.1,11892,164,6,39436,20.59,5.63,47,216,34,5,2,1,258,180494,0
1705,Telangana,32,Mahbubnagar,15,2018,0,0,1,0,0,0,100.0,25467,99.8,5.8,110.6,124.1,83.7,114.9,23274,262,29,28848,113.87,10.29,53,216,35,5,1,1,258,204487,0
1706,Telangana,32,Mahbubnagar,15,2019,0,0,0,1,0,0,99.9,22407,99.8,5.1,102.6,129.7,97.8,121.0,24191,60,16,30227,71.41,2.68,97,216,35,5,1,1,258,228216,0
1707,Telangana,32,Medak,16,2017,0,1,0,0,0,0,99.9,9389,99.7,3.8,38.8,84.0,36.6,133.5,4572,67,3,75572,31.95,7.14,47,155,19,3,2,2,179,180494,0
1708,Telangana,32,Medak,16,2018,0,0,1,0,0,0,99.8,9269,99.8,8.2,41.8,101.4,29.0,153.9,12239,118,2,17220,21.58,12.73,53,155,19,4,1,1,179,204487,0
1709,Telangana,32,Medak,16,2019,0,0,0,1,0,0,99.9,8861,99.8,10.2,101.5,141.8,94.0,142.5,11925,72,4,14170,45.14,8.13,97,155,19,4,1,1,179,228216,0
1710,Telangana,32,NAGARKURNOOL,17,2017,0,1,0,0,0,0,99.2,11782,99.5,3.8,81.2,119.5,49.0,132.9,5856,110,7,25184,59.41,9.34,47,178,25,4,1,1,208,180494,0
1711,Telangana,32,NAGARKURNOOL,17,2018,0,0,1,0,0,0,100.0,11397,99.7,5.8,81.8,146.5,52.5,123.3,12432,23,3,17689,26.32,2.02,53,178,25,4,1,1,208,204487,0
1712,Telangana,32,NAGARKURNOOL,17,2019,0,0,0,1,0,0,98.5,9367,90.5,7.8,100.4,132.6,72.6,144.0,12335,47,2,17360,21.35,5.02,97,178,25,4,1,1,208,228216,0
1713,Telangana,32,NIRMAL,18,2017,0,1,0,0,0,0,99.0,12546,99.7,3.7,80.3,94.8,66.0,88.8,4486,50,6,15444,47.82,3.99,47,102,18,2,3,3,125,180494,0
1714,Telangana,32,NIRMAL,18,2018,0,0,1,0,0,0,99.8,12838,99.9,6.7,65.4,92.8,55.9,102.5,9452,38,5,11966,38.95,2.96,53,102,19,2,3,3,126,204487,0
1715,Telangana,32,NIRMAL,18,2019,0,0,0,1,0,0,99.9,11038,99.7,5.5,97.8,121.5,82.1,102.9,10727,17,2,12244,18.12,1.54,97,102,19,2,3,3,126,228216,0
1716,Telangana,32,Nalgonda,19,2017,0,1,0,0,0,0,99.4,25430,99.3,7.0,101.4,100.4,90.1,104.1,8710,622,14,73966,55.05,24.46,47,257,37,2,4,1,301,180494,0
1717,Telangana,32,Nalgonda,19,2018,0,0,1,0,0,0,99.4,21306,99.4,7.1,105.5,102.5,98.4,108.5,19124,290,9,24665,42.24,13.61,53,257,37,2,3,1,300,204487,0
1718,Telangana,32,Nalgonda,19,2019,0,0,0,1,0,0,99.7,20818,99.7,6.4,92.4,93.8,90.5,114.9,22885,179,17,29499,81.66,8.6,97,257,37,2,3,1,300,228216,0
1719,Telangana,32,Nizamabad,20,2017,0,1,0,0,0,0,100.0,26855,98.9,10.9,104.5,128.1,95.6,101.0,11527,146,15,62201,55.86,5.44,47,225,31,9,2,1,268,180494,0
1720,Telangana,32,Nizamabad,20,2018,0,0,1,0,0,0,100.0,27581,98.8,9.2,95.1,118.0,90.4,105.2,24306,61,5,28378,18.13,2.21,53,225,32,9,1,1,268,204487,0
1721,Telangana,32,Nizamabad,20,2019,0,0,0,1,0,0,100.0,25294,99.5,7.9,101.0,101.6,90.9,109.0,23695,101,23,28071,90.93,3.99,97,225,32,9,1,1,268,228216,0
1722,Telangana,32,PEDDAPALLI,21,2017,0,1,0,0,0,0,99.9,9164,99.9,9.6,48.5,50.9,45.6,154.0,3057,15,1,32135,10.91,1.64,47,104,21,4,1,1,130,180494,0
1723,Telangana,32,PEDDAPALLI,21,2018,0,0,1,0,0,0,100.0,8631,99.9,5.6,91.3,100.4,92.1,164.3,10189,37,9,34887,104.28,4.29,53,104,21,4,1,1,130,204487,0
1724,Telangana,32,PEDDAPALLI,21,2019,0,0,0,1,0,0,99.9,10663,100.0,6.9,94.3,99.5,94.7,116.4,11389,25,10,27652,93.78,2.34,97,104,21,4,1,1,130,228216,0
1725,Telangana,32,RAJANNA SIRCILLA,22,2017,0,1,0,0,0,0,100.0,7303,99.9,3.4,61.6,71.7,44.7,150.3,2986,2,0,15577,0.0,0.27,47,89,15,1,1,1,106,180494,0
1726,Telangana,32,RAJANNA SIRCILLA,22,2018,0,0,1,0,0,0,99.3,6569,99.9,7.9,117.5,126.6,102.1,136.9,7517,0,0,9038,0.0,0.0,53,89,15,1,1,1,106,204487,0
1727,Telangana,32,RAJANNA SIRCILLA,22,2019,0,0,0,1,0,0,99.9,5447,99.9,7.8,160.9,189.2,158.0,175.9,8687,1,0,9127,0.0,0.18,97,89,15,1,1,1,106,228216,0
1728,Telangana,32,Ranga Reddy,23,2017,0,1,0,0,0,0,99.9,36724,99.9,2.6,100.2,120.4,70.3,134.3,12525,0,2,54246,5.45,0.0,47,232,35,7,4,4,278,180494,0
1729,Telangana,32,Ranga Reddy,23,2018,0,0,1,0,0,0,100.0,38316,99.8,1.7,95.1,116.5,75.0,129.0,32421,2,3,50338,7.83,0.05,53,232,35,7,3,3,277,204487,0
1730,Telangana,32,Ranga Reddy,23,2019,0,0,0,1,0,0,100.0,41418,99.3,4.1,106.2,103.7,96.6,136.5,46979,9,3,53880,7.24,0.22,97,232,35,7,3,3,277,228216,0
1731,Telangana,32,SANGAREDDY,24,2017,0,1,0,0,0,0,100.0,23947,99.9,5.0,71.3,76.3,56.5,122.5,9632,103,12,38482,50.11,4.3,47,242,33,5,2,1,283,180494,0
1732,Telangana,32,SANGAREDDY,24,2018,0,0,1,0,0,0,100.0,24162,99.9,3.8,88.9,114.6,82.9,110.7,21932,90,26,25224,107.61,3.72,53,242,32,5,2,1,282,204487,0
1733,Telangana,32,SANGAREDDY,24,2019,0,0,0,1,0,0,99.9,21929,99.8,4.6,109.2,139.5,101.7,113.9,21448,153,10,26374,45.6,6.98,97,242,32,5,2,1,282,228216,0
1734,Telangana,32,SIDDIPET,25,2017,0,1,0,0,0,0,99.9,17422,99.8,7.7,64.3,65.1,61.7,97.8,6060,169,10,107554,57.4,9.7,47,191,31,4,2,2,228,180494,0
1735,Telangana,32,SIDDIPET,25,2018,0,0,1,0,0,0,100.0,18686,99.8,8.5,72.6,78.6,67.7,107.0,13912,77,2,19404,10.7,4.12,53,191,34,4,2,1,232,204487,0
1736,Telangana,32,SIDDIPET,25,2019,0,0,0,1,0,0,99.9,15272,99.9,7.6,77.7,84.9,68.9,113.9,15513,56,4,19337,26.19,3.67,97,191,34,4,2,1,232,228216,0
1737,Telangana,32,SURYAPET,26,2017,0,1,0,0,0,0,99.8,18624,99.6,7.0,90.5,97.3,67.2,107.8,8912,56,3,20944,16.11,3.01,47,171,26,3,2,2,202,180494,0
1738,Telangana,32,SURYAPET,26,2018,0,0,1,0,0,0,100.0,11962,97.0,3.6,112.5,126.6,87.8,131.1,14747,21,5,18442,41.8,1.76,53,171,27,3,2,2,203,204487,0
1739,Telangana,32,SURYAPET,26,2019,0,0,0,1,0,0,100.0,12146,99.6,2.4,138.6,140.6,128.4,152.1,16417,52,6,21838,49.4,4.28,97,171,27,3,2,2,203,228216,0
1740,Telangana,32,VIKARABAD,27,2017,0,1,0,0,0,0,97.5,12699,99.6,10.2,113.8,135.6,90.3,118.1,4798,3,2,25607,15.75,0.24,47,154,20,4,1,1,180,180494,0
1741,Telangana,32,VIKARABAD,27,2018,0,0,1,0,0,0,100.0,13086,99.6,7.1,138.4,144.5,114.2,142.6,11132,19,2,20300,15.28,1.45,53,154,22,4,1,1,182,204487,0
1742,Telangana,32,VIKARABAD,27,2019,0,0,0,1,0,0,99.9,10276,99.6,10.7,137.0,160.2,95.6,161.7,10825,18,2,25806,19.46,1.75,97,154,22,4,1,1,182,228216,0
1743,Telangana,32,WANAPARTHY,28,2017,0,1,0,0,0,0,99.3,10811,99.1,5.3,110.9,109.2,79.4,90.8,4588,44,6,29896,55.5,4.07,47,98,14,3,1,1,116,180494,0
1744,Telangana,32,WANAPARTHY,28,2018,0,0,1,0,0,0,99.2,9836,99.4,3.8,90.4,120.6,50.5,104.5,7764,43,5,11813,50.83,4.37,53,98,14,3,1,1,116,204487,0
1745,Telangana,32,WANAPARTHY,28,2019,0,0,0,1,0,0,100.0,6304,99.3,10.2,113.4,155.8,79.1,151.1,8324,42,10,9913,158.63,6.66,97,98,14,3,1,1,116,228216,0
1746,Telangana,32,WARANGAL RURAL,29,2017,0,1,0,0,0,0,99.4,7787,98.7,9.8,76.5,76.7,64.1,148.9,3714,32,7,23810,89.89,4.11,47,143,17,3,1,1,164,180494,0
1747,Telangana,32,WARANGAL RURAL,29,2018,0,0,1,0,0,0,99.9,9514,99.8,7.0,104.3,108.9,103.2,93.1,7841,36,7,10028,73.58,3.78,53,143,17,3,1,1,164,204487,0
1748,Telangana,32,WARANGAL RURAL,29,2019,0,0,0,1,0,0,100.0,7502,99.9,4.0,100.1,115.2,101.5,156.5,10047,31,5,15396,66.65,4.13,97,143,17,3,1,1,164,228216,0
1749,Telangana,32,Warangal Urban,30,2017,0,1,0,0,0,0,100.0,22330,99.7,12.7,90.8,78.9,86.7,85.1,7302,38,6,17517,26.87,1.7,47,81,24,1,3,1,110,180494,0
1750,Telangana,32,Warangal Urban,30,2018,0,0,1,0,0,0,100.0,22515,99.8,11.1,101.7,100.2,98.3,82.2,17267,956,6,16780,26.65,42.46,53,81,28,1,2,1,113,204487,0
1751,Telangana,32,Warangal Urban,30,2019,0,0,0,1,0,0,100.0,22305,99.7,22.2,100.5,100.7,98.4,79.6,16098,101,7,14905,31.38,4.53,97,81,28,1,2,1,113,228216,0
1752,Telangana,32,YADADRI BHONAGIRI,31,2017,0,1,0,0,0,0,99.0,16315,99.2,5.5,71.8,75.5,60.7,83.2,5800,102,1,13669,6.13,6.25,47,129,19,3,2,2,153,180494,0
1753,Telangana,32,YADADRI BHONAGIRI,31,2018,0,0,1,0,0,0,99.9,10374,99.6,7.7,96.8,104.1,82.1,138.5,9674,263,5,16469,48.2,25.35,53,129,19,3,2,2,153,204487,0
1754,Telangana,32,YADADRI BHONAGIRI,31,2019,0,0,0,1,0,0,99.8,8773,99.6,4.0,99.6,107.3,88.6,145.1,11310,73,6,21356,68.39,8.32,97,129,19,3,2,2,153,228216,0
2043,West Bengal,36,Alipurduar,1,2017,0,1,0,0,0,0,95.3,22236,98.0,25.2,93.8,100.2,79.9,93.1,0,434,35,23992,157.4,19.52,83,236,14,12,2,2,266,93710,1
2044,West Bengal,36,Alipurduar,1,2018,0,0,1,0,0,0,97.4,22714,98.1,23.7,82.2,92.2,71.7,91.1,16072,434,39,24409,171.7,19.11,119,236,14,12,2,2,266,109491,1
2045,West Bengal,36,Alipurduar,1,2019,0,0,0,1,0,0,98.6,23178,98.4,21.7,89.8,93.3,84.6,91.5,21119,365,25,23599,107.86,15.75,250,236,14,12,2,2,266,114966,0
2046,West Bengal,36,Bankura,2,2017,0,1,0,0,0,0,95.5,47596,98.3,26.7,98.5,104.7,84.6,105.5,17,1170,39,55596,81.94,24.58,83,564,73,29,1,5,672,93710,1
2047,West Bengal,36,Bankura,2,2018,0,0,1,0,0,0,97.8,49045,98.3,25.5,88.1,104.8,86.6,104.5,44475,1359,52,57823,106.03,27.71,119,564,73,29,1,5,672,109491,1
2048,West Bengal,36,Bankura,2,2019,0,0,0,1,0,0,99.7,47772,98.3,26.2,98.8,102.9,90.3,106.1,49607,1223,51,54137,106.76,25.6,250,564,73,29,1,5,672,114966,0
2049,West Bengal,36,Birbhum,3,2017,0,1,0,0,0,0,97.5,57910,98.5,17.3,94.8,103.3,84.3,104.9,0,1176,47,64835,81.16,20.31,83,484,62,21,1,2,570,93710,1
2050,West Bengal,36,Birbhum,3,2018,0,0,1,0,0,0,98.9,58085,98.8,21.9,97.8,108.2,83.6,101.7,44985,1303,61,66091,105.02,22.43,119,484,62,21,1,2,570,109491,1
2051,West Bengal,36,Birbhum,3,2019,0,0,0,1,0,0,99.2,57322,98.9,23.7,100.6,106.8,91.4,103.1,54347,1122,48,60784,83.74,19.57,250,484,62,21,1,2,570,114966,0
2052,West Bengal,36,Dakshin Dinajpur,4,2017,0,1,0,0,0,0,97.2,23064,98.2,20.7,97.6,100.9,89.5,107.0,13,446,26,28158,112.73,19.34,83,248,22,12,1,1,284,93710,1
2053,West Bengal,36,Dakshin Dinajpur,4,2018,0,0,1,0,0,0,99.1,23830,98.3,21.5,95.7,98.2,92.7,103.1,21137,437,26,29371,109.11,18.34,119,248,22,11,1,1,283,109491,1
2054,West Bengal,36,Dakshin Dinajpur,4,2019,0,0,0,1,0,0,99.3,21158,98.5,25.2,100.1,101.8,97.3,114.8,23431,301,10,26629,47.26,14.23,250,248,22,11,1,1,283,114966,0
2055,West Bengal,36,Darjiling,5,2017,0,1,0,0,0,0,98.9,21705,97.5,18.1,132.0,135.3,85.3,122.4,0,1030,66,28137,304.08,47.45,83,195,27,15,1,3,241,93710,1
2056,West Bengal,36,Darjiling,5,2018,0,0,1,0,0,0,99.4,26216,98.2,16.7,104.1,104.3,79.7,93.6,17470,938,61,25215,232.68,35.78,119,195,28,14,1,3,241,109491,1
2057,West Bengal,36,Darjiling,5,2019,0,0,0,1,0,0,99.6,23651,98.1,17.8,103.8,105.0,83.9,98.1,21647,969,38,23794,160.67,40.97,250,195,28,14,1,3,241,114966,0
2058,West Bengal,36,Haora,6,2017,0,1,0,0,0,0,97.7,46804,98.8,16.5,94.8,119.6,66.0,133.0,212,553,41,68823,87.6,11.82,83,448,74,25,7,1,555,93710,1
2059,West Bengal,36,Haora,6,2018,0,0,1,0,0,0,98.8,42420,98.7,20.7,101.9,128.0,64.1,144.4,49543,651,41,72352,96.65,15.35,119,448,74,25,7,1,555,109491,1
2060,West Bengal,36,Haora,6,2019,0,0,0,1,0,0,99.2,34701,98.9,21.8,107.8,139.8,78.0,169.3,56955,535,49,69200,141.21,15.42,250,448,74,25,7,1,555,114966,0
2061,West Bengal,36,Hugli,7,2017,0,1,0,0,0,0,99.6,65889,98.9,13.1,84.3,99.9,60.8,104.1,0,627,32,83008,48.57,9.52,83,672,91,23,4,1,791,93710,1
2062,West Bengal,36,Hugli,7,2018,0,0,1,0,0,0,99.8,64091,98.8,14.0,84.8,97.7,63.3,107.3,61361,626,36,80015,56.17,9.77,119,672,91,23,4,1,791,109491,1
2063,West Bengal,36,Hugli,7,2019,0,0,0,1,0,0,99.9,54969,98.8,19.5,93.3,106.8,72.5,121.3,66964,479,32,73242,58.21,8.71,250,672,91,23,4,1,791,114966,0
2064,West Bengal,36,Jalpaiguri,8,2017,0,1,0,0,0,0,98.3,26706,98.4,18.1,104.1,108.8,96.8,124.5,0,402,25,36699,93.61,15.05,83,301,27,13,1,1,343,93710,1
2065,West Bengal,36,Jalpaiguri,8,2018,0,0,1,0,0,0,99.3,27149,98.4,23.1,102.0,107.3,92.5,125.7,27081,468,18,38114,66.3,17.24,119,301,27,13,1,1,343,109491,1
2066,West Bengal,36,Jalpaiguri,8,2019,0,0,0,1,0,0,99.4,26563,98.5,22.7,108.6,108.7,102.4,124.1,32787,339,20,37139,75.29,12.76,250,301,27,13,1,1,343,114966,0
2067,West Bengal,36,Jhargram,9,2017,0,1,0,0,0,0,98.7,15737,98.3,25.6,104.1,107.0,94.4,107.6,0,414,12,18902,76.25,26.31,83,219,26,9,9,3,257,93710,1
2068,West Bengal,36,Jhargram,9,2018,0,0,1,0,0,0,99.4,17208,98.5,28.0,96.1,99.4,91.6,99.5,13674,297,3,18599,17.43,17.26,119,219,26,9,9,3,257,109491,1
2069,West Bengal,36,Jhargram,9,2019,0,0,0,1,0,0,99.7,18214,98.5,27.8,96.5,101.7,94.1,89.7,14253,214,16,18543,87.84,11.75,250,219,26,9,9,3,257,114966,0
2070,West Bengal,36,Kalimpong,10,2017,0,1,0,0,0,0,93.2,1633,98.8,5.4,102.4,110.9,84.1,155.6,5,32,2,2496,122.47,19.6,83,52,6,3,1,1,62,93710,1
2071,West Bengal,36,Kalimpong,10,2018,0,0,1,0,0,0,97.8,1469,98.6,7.4,107.0,109.0,98.9,149.2,1778,43,0,2480,0.0,29.27,119,52,6,3,1,1,62,109491,1
2072,West Bengal,36,Kalimpong,10,2019,0,0,0,1,0,0,95.8,274,99.3,5.3,101.5,120.8,95.6,618.2,1657,7,0,1907,0.0,25.55,250,52,6,3,1,1,62,114966,0
2073,West Bengal,36,Koch Bihar,11,2017,0,1,0,0,0,0,92.2,46103,98.3,17.2,81.9,100.0,73.4,100.5,0,916,49,52376,106.28,19.87,83,406,38,30,4,1,479,93710,1
2074,West Bengal,36,Koch Bihar,11,2018,0,0,1,0,0,0,95.7,44366,98.4,20.3,84.9,101.0,74.6,107.2,38217,741,59,53297,132.98,16.7,119,406,38,30,4,1,479,109491,1
2075,West Bengal,36,Koch Bihar,11,2019,0,0,0,1,0,0,97.5,40971,98.7,22.7,86.8,100.1,79.8,111.6,45280,623,24,50788,58.58,15.21,250,406,38,30,4,1,479,114966,0
2076,West Bengal,36,Kolkata,12,2017,0,1,0,0,0,0,100.0,82381,97.4,27.4,109.4,116.7,104.5,48.3,144,2583,130,131971,157.8,31.35,83,479,176,5,11,26,218,93710,1
2077,West Bengal,36,Kolkata,12,2018,0,0,1,0,0,0,100.0,78531,97.6,27.3,107.8,114.1,99.2,47.5,27380,2144,86,76197,109.51,27.3,119,479,176,5,11,26,218,109491,1
2078,West Bengal,36,Kolkata,12,2019,0,0,0,1,0,0,100.0,64551,97.6,28.2,97.6,103.9,96.9,51.7,30714,1768,75,83450,116.19,27.39,250,479,176,5,11,26,218,114966,0
2079,West Bengal,36,Maldah,13,2017,0,1,0,0,0,0,93.9,91265,98.1,19.8,85.1,99.3,83.0,99.8,29,1740,86,101665,94.23,19.07,83,511,41,17,1,1,571,93710,1
2080,West Bengal,36,Maldah,13,2018,0,0,1,0,0,0,95.4,89652,98.1,20.5,80.2,98.3,67.0,102.0,65946,1973,79,106471,88.12,22.01,119,511,41,17,1,1,571,109491,1
2081,West Bengal,36,Maldah,13,2019,0,0,0,1,0,0,96.9,83756,98.3,21.1,81.2,99.6,83.8,116.2,96278,1573,59,103790,70.44,18.78,250,511,41,17,1,1,571,114966,0
2082,West Bengal,36,Murshidabad,14,2017,0,1,0,0,0,0,92.1,149831,98.1,18.7,84.5,96.4,73.8,98.2,0,2640,183,167538,122.14,17.62,83,832,88,30,4,2,956,93710,1
2083,West Bengal,36,Murshidabad,14,2018,0,0,1,0,0,0,95.2,155768,98.1,20.3,83.1,92.3,66.7,95.9,124088,2755,167,175491,107.21,17.69,119,832,88,29,4,2,955,109491,1
2084,West Bengal,36,Murshidabad,14,2019,0,0,0,1,0,0,96.5,142797,98.3,22.1,83.2,91.0,74.2,107.1,150412,2314,198,170051,138.66,16.2,250,832,88,29,4,2,955,114966,0
2085,West Bengal,36,Nadia,15,2017,0,1,0,0,0,0,99.3,64103,98.6,20.3,95.8,116.4,69.9,110.9,126,1111,60,78766,93.6,17.33,83,469,67,18,10,1,565,93710,1
2086,West Bengal,36,Nadia,15,2018,0,0,1,0,0,0,99.7,71294,98.7,19.8,88.8,106.2,62.4,100.4,56984,1055,67,80691,93.98,14.8,119,469,67,18,10,1,565,109491,1
2087,West Bengal,36,Nadia,15,2019,0,0,0,1,0,0,99.8,63960,98.7,22.1,97.3,114.0,72.1,112.0,71198,852,56,78073,87.55,13.32,250,469,67,18,10,1,565,114966,0
2088,West Bengal,36,North Twenty Four Parganas,16,2017,0,1,0,0,0,0,98.3,76885,98.7,20.1,97.3,128.7,70.9,160.8,0,781,26,146754,33.82,10.16,83,742,151,38,11,2,944,93710,1
2089,West Bengal,36,North Twenty Four Parganas,16,2018,0,0,1,0,0,0,99.0,73322,98.6,22.0,98.2,132.3,71.3,171.3,94611,591,31,151217,42.28,8.06,119,742,151,40,11,2,946,109491,1
2090,West Bengal,36,North Twenty Four Parganas,16,2019,0,0,0,1,0,0,99.5,62321,98.6,23.4,103.1,143.4,69.9,191.8,113753,306,24,141368,38.51,4.91,250,742,151,40,11,2,946,114966,0
2091,West Bengal,36,Paschim Barddhaman,17,2017,0,1,0,0,0,0,99.9,23556,98.0,17.7,123.9,167.4,92.1,168.5,44,695,17,42178,72.17,29.5,83,173,59,27,1,1,261,93710,1
2092,West Bengal,36,Paschim Barddhaman,17,2018,0,0,1,0,0,0,99.9,32868,98.3,20.0,69.0,123.1,70.2,116.8,26572,785,21,47527,63.89,23.88,119,173,59,27,1,1,261,109491,1
2093,West Bengal,36,Paschim Barddhaman,17,2019,0,0,0,1,0,0,100.0,30750,98.3,23.5,95.5,121.9,75.7,124.3,34185,698,21,45121,68.29,22.7,250,173,59,27,1,1,261,114966,0
2094,West Bengal,36,Paschim Medinipur,18,2017,0,1,0,0,0,0,97.5,64474,98.8,16.7,95.2,107.8,64.4,108.5,0,1184,35,75923,54.29,18.36,83,639,69,23,3,4,738,93710,1
2095,West Bengal,36,Paschim Medinipur,18,2018,0,0,1,0,0,0,99.3,59247,98.8,19.3,93.3,107.9,63.2,117.6,53108,1103,47,75746,79.33,18.62,119,639,69,22,3,4,737,109491,1
2096,West Bengal,36,Paschim Medinipur,18,2019,0,0,0,1,0,0,99.9,51096,98.5,23.1,104.5,117.1,78.6,135.7,66506,957,32,74188,62.63,18.73,250,639,69,22,3,4,737,114966,0
2097,West Bengal,36,Purba Barddhaman,19,2017,0,1,0,0,0,0,99.9,79814,98.3,19.7,76.5,87.9,62.6,92.3,92,1797,87,79512,109.0,22.51,83,592,83,28,2,1,706,93710,1
2098,West Bengal,36,Purba Barddhaman,19,2018,0,0,1,0,0,0,99.9,72668,98.5,20.1,84.0,92.6,68.3,99.3,58462,1933,71,79870,97.7,26.6,119,592,83,28,2,1,706,109491,1
2099,West Bengal,36,Purba Barddhaman,19,2019,0,0,0,1,0,0,99.9,60443,98.5,22.2,92.9,101.1,82.1,112.5,65645,1819,51,69818,84.38,30.09,250,592,83,28,2,1,706,114966,0
2100,West Bengal,36,Purba Medinipur,20,2017,0,1,0,0,0,0,94.5,76598,99.2,17.2,85.2,103.7,61.0,99.7,3,862,23,85399,30.03,11.25,83,706,59,26,8,3,802,93710,1
2101,West Bengal,36,Purba Medinipur,20,2018,0,0,1,0,0,0,97.6,77923,99.2,18.9,84.9,100.5,59.4,99.2,64953,785,25,86796,32.08,10.07,119,706,59,26,8,3,802,109491,1
2102,West Bengal,36,Purba Medinipur,20,2019,0,0,0,1,0,0,98.9,70975,99.1,20.4,85.6,101.7,67.7,107.5,75662,644,28,84677,39.45,9.07,250,706,59,26,8,3,802,114966,0
2103,West Bengal,36,Puruliya,21,2017,0,1,0,0,0,0,95.4,48623,98.1,35.9,90.4,99.9,85.4,105.7,68,972,31,58172,63.76,19.99,83,488,55,21,1,1,566,93710,1
2104,West Bengal,36,Puruliya,21,2018,0,0,1,0,0,0,97.2,49187,98.0,27.8,91.3,99.5,87.6,108.2,42656,776,49,60767,99.62,15.78,119,488,55,21,1,1,566,109491,1
2105,West Bengal,36,Puruliya,21,2019,0,0,0,1,0,0,98.2,44646,98.3,26.7,93.0,99.5,89.3,116.1,48605,820,24,56336,53.76,18.37,250,488,55,21,1,1,566,114966,0
2106,West Bengal,36,South Twenty Four Parganas,22,2017,0,1,0,0,0,0,93.7,115599,98.8,11.9,85.0,107.6,70.8,121.4,0,1374,79,154018,68.34,11.89,83,1068,79,42,7,2,1198,93710,1
2107,West Bengal,36,South Twenty Four Parganas,22,2018,0,0,1,0,0,0,99.1,120215,98.9,14.4,86.2,105.2,73.5,117.5,116897,1167,72,156271,59.89,9.71,119,1068,79,42,7,2,1198,109491,1
2108,West Bengal,36,South Twenty Four Parganas,22,2019,0,0,0,1,0,0,99.2,111257,98.9,14.9,87.7,106.5,75.7,128.7,141650,951,59,152576,53.03,8.55,250,1068,79,42,7,2,1198,114966,0
2109,West Bengal,36,Uttar Dinajpur,23,2017,0,1,0,0,0,0,79.5,57879,97.8,14.3,82.2,107.9,63.1,114.1,0,1070,40,72059,69.11,18.49,83,344,24,12,2,1,383,93710,1
2110,West Bengal,36,Uttar Dinajpur,23,2018,0,0,1,0,0,0,90.4,56541,97.9,17.6,82.6,103.2,66.0,116.1,54597,1068,28,75542,49.52,18.89,119,344,24,12,2,1,383,109491,1
2111,West Bengal,36,Uttar Dinajpur,23,2019,0,0,0,1,0,0,92.5,53682,97.6,17.8,88.8,111.2,73.9,123.8,64703,1018,45,74155,83.83,18.96,250,344,24,12,2,1,383,114966,0
